{"image_loss": 2.3212826251983643, "disp_gradient_loss": 0.0017067943699657917, "lr_loss": 0.02341967448592186, "total_loss": 2.3448729515075684, "_timestamp": 1718112732.2607143, "_runtime": 262.1676301956177, "_step": 468, "_wandb": {"runtime": 261}}