{"image_loss": 1.901545763015747, "disp_gradient_loss": 1.4198434655554593e-05, "lr_loss": 2.83967237919569e-05, "total_loss": 1.9015755653381348, "_timestamp": 1718372800.0704594, "_runtime": 60.84265446662903, "_step": 145, "_wandb": {"runtime": 60}}