{"image_loss": 3.0255632400512695, "disp_gradient_loss": 0.0013641109690070152, "lr_loss": 0.11991798877716064, "total_loss": 3.1456174850463867, "_timestamp": 1717917819.8641171, "_runtime": 21.94844102859497, "_step": 19, "_wandb": {"runtime": 22}}