{"image_loss": 3.0493359565734863, "disp_gradient_loss": 0.0055710431188344955, "lr_loss": 0.020101794973015785, "total_loss": 3.0699949264526367, "_timestamp": 1718211320.9318733, "_runtime": 221.81585121154785, "_step": 167, "_wandb": {"runtime": 221}}