{"image_loss": 1.8904037475585938, "disp_gradient_loss": 2.8409682272467762e-05, "lr_loss": 5.531365241040476e-05, "total_loss": 1.8904619216918945, "_timestamp": 1718374318.4071817, "_runtime": 42.540093660354614, "_step": 112, "_wandb": {"runtime": 42}}