{"image_loss": 1.8358712196350098, "disp_gradient_loss": 1.9322678781463765e-05, "lr_loss": 3.21069746860303e-05, "total_loss": 1.8359051942825317, "_timestamp": 1718373029.597094, "_runtime": 48.80948305130005, "_step": 110, "_wandb": {"runtime": 48}}