{"image_loss": 1.8620502948760986, "disp_gradient_loss": 8.290990990644787e-06, "lr_loss": 1.3206850780989043e-05, "total_loss": 1.8620643615722656, "_timestamp": 1718372943.530448, "_runtime": 39.72905397415161, "_step": 118, "_wandb": {"runtime": 39}}