{"image_loss": 1.8845267295837402, "disp_gradient_loss": 7.2382008511340246e-06, "lr_loss": 1.0349554941058159e-05, "total_loss": 1.8845378160476685, "_timestamp": 1718373775.1063316, "_runtime": 47.522175550460815, "_step": 111, "_wandb": {"runtime": 47}}