{"image_loss": 0.9213517308235168, "disp_gradient_loss": 0.004224047996103764, "lr_loss": 0.017935361713171005, "total_loss": 0.939709484577179, "_timestamp": 1718611927.0613155, "_runtime": 846.2971715927124, "_step": 3212}