{"image_loss": 3.2924108505249023, "disp_gradient_loss": 0.007280346006155014, "lr_loss": 0.02176951803267002, "total_loss": 3.314908504486084, "_timestamp": 1718214154.6806238, "_runtime": 165.06338381767273, "_step": 166, "_wandb": {"runtime": 164}}