{"image_loss": 1.7792160511016846, "disp_gradient_loss": 1.995363345486112e-05, "lr_loss": 6.741699326084927e-05, "total_loss": 6.741699326084927e-05, "avg_disparity_in_first_level": 3.124231625406537e-06, "_timestamp": 1718605644.7687435, "_runtime": 93.12385153770447, "_step": 177, "_wandb": {"runtime": 93}}