{"image_loss": 3.172320604324341, "disp_gradient_loss": 0.006486645434051752, "lr_loss": 0.016182798892259598, "total_loss": 3.189152240753174, "_timestamp": 1718348674.4374754, "_runtime": 369.17214035987854, "_step": 312, "_wandb": {"runtime": 369}}