{"image_loss": 3.0117785930633545, "disp_gradient_loss": 0.01177061814814806, "lr_loss": 0.05118554085493088, "total_loss": 3.064141273498535, "_timestamp": 1717752668.893574, "_runtime": 63.12610602378845, "_step": 67, "_wandb": {"runtime": 95}}