{"image_loss": 1.0283713340759277, "disp_gradient_loss": 0.004249894991517067, "lr_loss": 0.01639864407479763, "total_loss": 1.0451949834823608, "avg_disparity_in_first_level": 0.02393755316734314, "_timestamp": 1718609355.123467, "_runtime": 755.6338939666748, "_step": 1701}