{"image_loss": 1.5454964637756348, "disp_gradient_loss": 0.009771093726158142, "lr_loss": 0.010021143592894077, "total_loss": 1.5564947128295898, "_timestamp": 1718350440.390823, "_runtime": 904.2069787979126, "_step": 1409, "_wandb": {"runtime": 905}}