{"image_loss": 1.5620121955871582, "disp_gradient_loss": 2.4425489755230956e-06, "lr_loss": 6.191582087922143e-06, "total_loss": 1.562018632888794, "_timestamp": 1718360730.2212784, "_runtime": 51.90757942199707, "_step": 138, "_wandb": {"runtime": 52}}