{"image_loss": 1.7392604351043701, "disp_gradient_loss": 3.35021031787619e-05, "lr_loss": 9.71193439909257e-05, "total_loss": 1.7393609285354614, "_timestamp": 1718360307.1180148, "_runtime": 52.95804977416992, "_step": 113, "_wandb": {"runtime": 53}}