{"image_loss": 1.8634018898010254, "disp_gradient_loss": 2.4637211026856676e-05, "lr_loss": 4.8855039494810626e-05, "total_loss": 1.8634532690048218, "_timestamp": 1718355180.360368, "_runtime": 269.7880871295929, "_step": 515, "_wandb": {"runtime": 269}}