{"image_loss": 1.6968460083007812, "disp_gradient_loss": 2.6539717509876937e-05, "lr_loss": 6.101875987951644e-05, "total_loss": 1.6969096660614014, "_timestamp": 1718373100.0481977, "_runtime": 51.33018374443054, "_step": 111, "_wandb": {"runtime": 51}}