{"image_loss": 1.5804424285888672, "disp_gradient_loss": 1.307917591475416e-05, "lr_loss": 2.451318687235471e-05, "total_loss": 1.5804682970046997, "_timestamp": 1718374729.4369764, "_runtime": 69.89931535720825, "_step": 110, "_wandb": {"runtime": 69}}