{"image_loss": 2.141219139099121, "disp_gradient_loss": 0.01143861748278141, "lr_loss": 0.04968373477458954, "total_loss": 2.192046880722046, "_timestamp": 1718024046.6117363, "_runtime": 710.7341153621674, "_step": 677}