{"image_loss": 1.747741460800171, "disp_gradient_loss": 0.018034163862466812, "lr_loss": 0.05478638410568237, "total_loss": 1.8043313026428223, "_timestamp": 1718025650.4938912, "_runtime": 2314.616270303726, "_step": 2824, "_wandb": {"runtime": 2368}}