{"image_loss": 3.0878238677978516, "disp_gradient_loss": 0.000412485736887902, "lr_loss": 0.1255754828453064, "total_loss": 3.2134406566619873, "_timestamp": 1718025964.8107078, "_runtime": 6.782192707061768, "_step": 20}