{"image_loss": 3.420558452606201, "disp_gradient_loss": 0.014080115593969822, "lr_loss": 0.04870687425136566, "total_loss": 3.4706733226776123, "_timestamp": 1718026399.0379767, "_runtime": 441.00946164131165, "_step": 1496}