{"image_loss": 2.2888948917388916, "disp_gradient_loss": 4.545813681033906e-06, "lr_loss": 6.0633851717284415e-06, "total_loss": 2.2889013290405273, "_timestamp": 1718372252.9472926, "_runtime": 38.41648864746094, "_step": 111, "_wandb": {"runtime": 38}}