{"image_loss": 1.9253785610198975, "disp_gradient_loss": 7.779789484629873e-06, "lr_loss": 1.0843504242075142e-05, "total_loss": 1.9253902435302734, "_timestamp": 1718360078.5396848, "_runtime": 175.3449227809906, "_step": 228, "_wandb": {"runtime": 175}}