{"image_loss": 0.9981400370597839, "disp_gradient_loss": 5.539492121897638e-05, "lr_loss": 0.00014238663425203413, "total_loss": 0.9982879757881165, "avg_disparity_in_first_level": 1.9126664483337663e-05, "_timestamp": 1718522878.2598603, "_runtime": 164.62396025657654, "_step": 60, "_wandb": {"runtime": 200}}