{"image_loss": 1.5886456966400146, "disp_gradient_loss": 0.00013309053611010313, "lr_loss": 0.0002796281478367746, "total_loss": 1.5889387130737305, "_timestamp": 1718355642.8101327, "_runtime": 29.217782735824585, "_step": 100, "_wandb": {"runtime": 29}}