{"image_loss": 1.7759552001953125, "disp_gradient_loss": 7.101910341589246e-06, "lr_loss": 9.864532330539078e-06, "total_loss": 1.7759658098220825, "_timestamp": 1718356023.8589694, "_runtime": 289.2700445652008, "_step": 432, "_wandb": {"runtime": 288}}