{"image_loss": 1.9773223400115967, "disp_gradient_loss": 9.61347104748711e-05, "lr_loss": 0.00016889588732738048, "total_loss": 1.9775009155273438, "_timestamp": 1718355462.9246647, "_runtime": 31.54713273048401, "_step": 100, "_wandb": {"runtime": 31}}