{"image_loss": 3.846336841583252, "disp_gradient_loss": 0.001083925599232316, "lr_loss": 0.012407178059220314, "total_loss": 3.8588523864746094, "_timestamp": 1718348244.1967046, "_runtime": 70.23239850997925, "_step": 100, "_wandb": {"runtime": 70}}