{"image_loss": 2.764683961868286, "disp_gradient_loss": 0.0011019188677892089, "lr_loss": 0.012556453235447407, "total_loss": 2.777350664138794, "_timestamp": 1718347963.5426915, "_runtime": 124.94745349884033, "_step": 109, "_wandb": {"runtime": 125}}