{"image_loss": 2.8508377075195312, "disp_gradient_loss": 0.0009072123793885112, "lr_loss": 0.1274295449256897, "total_loss": 2.978358030319214, "_timestamp": 1717753603.8829734, "_runtime": 10.201428413391113, "_step": 7, "_wandb": {"runtime": 10}}