{"image_loss": 1.7207087278366089, "disp_gradient_loss": 2.5909497708198614e-05, "lr_loss": 8.49189018481411e-05, "total_loss": 1.7207962274551392, "_timestamp": 1718374536.8839781, "_runtime": 76.36608719825745, "_step": 109, "_wandb": {"runtime": 75}}