{"image_loss": 1.7635490894317627, "disp_gradient_loss": 9.254163160221651e-06, "lr_loss": 1.6029682228690945e-05, "total_loss": 1.763566017150879, "_timestamp": 1718372845.392739, "_runtime": 29.999047994613647, "_step": 94, "_wandb": {"runtime": 29}}