{"image_loss": 1.9519652128219604, "disp_gradient_loss": 2.022800572376582e-06, "lr_loss": 3.882556484313682e-06, "total_loss": 1.9519693851470947, "_timestamp": 1718372577.599868, "_runtime": 285.5195620059967, "_step": 615, "_wandb": {"runtime": 285}}