{"image_loss": 2.2955360412597656, "disp_gradient_loss": 0.008371402509510517, "lr_loss": 0.33701565861701965, "total_loss": 2.6333887577056885, "_timestamp": 1719814411.2718816, "_runtime": 20.548627614974976, "_step": 16, "_wandb": {"runtime": 20}}