{"image_loss": 1.3291012048721313, "disp_gradient_loss": 0.0037591280415654182, "lr_loss": 0.03408132120966911, "total_loss": 1.3635584115982056, "_timestamp": 1718715398.1943724, "_runtime": 48.141114473342896, "_step": 51, "_wandb": {"runtime": 47}}