{"image_loss": 1.9992811679840088, "disp_gradient_loss": 7.689457561355084e-06, "lr_loss": 1.4646862837253138e-05, "total_loss": 1.9992965459823608, "_timestamp": 1718373211.3050115, "_runtime": 45.72112250328064, "_step": 111, "_wandb": {"runtime": 45}}