{"image_loss": 1.544607162475586, "disp_gradient_loss": 0.0052107395604252815, "lr_loss": 0.014454594813287258, "total_loss": 1.5595828294754028, "_timestamp": 1718349418.208381, "_runtime": 594.6710908412933, "_step": 708, "_wandb": {"runtime": 594}}