{"image_loss": 2.119636058807373, "disp_gradient_loss": 2.3183427401818335e-05, "lr_loss": 3.578314863261767e-05, "total_loss": 2.1196742057800293, "_timestamp": 1718374997.1444232, "_runtime": 101.28943729400635, "_step": 210, "_wandb": {"runtime": 101}}