{"image_loss": 4.180662631988525, "disp_gradient_loss": 0.0016515771858394146, "lr_loss": 0.27915191650390625, "total_loss": 4.45997953414917, "_timestamp": 1718375227.857195, "_runtime": 126.09266781806946, "_step": 4, "_wandb": {"runtime": 129}}