{"image_loss": 2.0396454334259033, "disp_gradient_loss": 3.6868932511424646e-05, "lr_loss": 9.930825035553426e-05, "total_loss": 2.039748430252075, "_timestamp": 1718373485.200783, "_runtime": 44.989946126937866, "_step": 112, "_wandb": {"runtime": 44}}