{"image_loss": 3.048145294189453, "disp_gradient_loss": 0.04023450240492821, "lr_loss": 0.049659792333841324, "total_loss": 3.1018285751342773, "_timestamp": 1717920336.1604807, "_runtime": 2256.2306118011475, "_step": 2824, "_wandb": {"runtime": 2255}}