{"image_loss": 3.093200206756592, "disp_gradient_loss": 0.001890992745757103, "lr_loss": 0.022810444235801697, "total_loss": 3.1161997318267822, "_timestamp": 1718111775.2239947, "_runtime": 474.71916580200195, "_step": 570, "_wandb": {"runtime": 474}}