{"image_loss": 1.2104439735412598, "disp_gradient_loss": 0.0024810617323964834, "lr_loss": 0.01752661168575287, "total_loss": 1.228218674659729, "_timestamp": 1719297664.9933584, "_runtime": 182.28212237358093, "_step": 155, "_wandb": {"runtime": 181}}