{"image_loss": 1.7877649068832397, "disp_gradient_loss": 9.97378992906306e-06, "lr_loss": 1.7113405192503706e-05, "total_loss": 1.7877830266952515, "_timestamp": 1718356392.183768, "_runtime": 335.29480504989624, "_step": 320, "_wandb": {"runtime": 335}}