{"image_loss": 3.410036325454712, "disp_gradient_loss": 0.0009767961455509067, "lr_loss": 0.1278592348098755, "total_loss": 3.5379934310913086, "_timestamp": 1717918055.675117, "_runtime": 5.257152080535889, "_step": 0, "_wandb": {"runtime": 7}}