{"image_loss": 2.190585136413574, "disp_gradient_loss": 9.391856110596564e-06, "lr_loss": 1.6281015632557683e-05, "total_loss": 2.1906023025512695, "_timestamp": 1718360460.1211488, "_runtime": 43.38507270812988, "_step": 113, "_wandb": {"runtime": 42}}