{"image_loss": 1.6498262882232666, "disp_gradient_loss": 9.022478479892015e-07, "lr_loss": 3.918315087503288e-06, "total_loss": 1.6498303413391113, "_timestamp": 1718360866.6504467, "_runtime": 29.195435762405396, "_step": 100, "_wandb": {"runtime": 29}}