{"image_loss": 1.7925214767456055, "disp_gradient_loss": 3.199921775376424e-05, "lr_loss": 4.355232886155136e-05, "total_loss": 1.7925682067871094, "_timestamp": 1718360785.6621494, "_runtime": 31.87745952606201, "_step": 100, "_wandb": {"runtime": 32}}