{"image_loss": 1.8204925060272217, "disp_gradient_loss": 1.0845209544640966e-05, "lr_loss": 3.1556395697407424e-05, "total_loss": 1.8205251693725586, "_timestamp": 1718374822.4514422, "_runtime": 56.16537833213806, "_step": 118, "_wandb": {"runtime": 55}}