{"image_loss": 2.096367835998535, "disp_gradient_loss": 3.056331024708925e-06, "lr_loss": 5.687754764949204e-06, "total_loss": 2.0963737964630127, "_timestamp": 1718374646.179949, "_runtime": 72.96038913726807, "_step": 146, "_wandb": {"runtime": 72}}