{"image_loss": 2.7862915992736816, "disp_gradient_loss": 0.0003907130449078977, "lr_loss": 0.12128105759620667, "total_loss": 2.907611846923828, "_timestamp": 1718086479.5181582, "_runtime": 7.52663516998291, "_step": 3, "_wandb": {"runtime": 8}}