{"image_loss": 4.134511947631836, "disp_gradient_loss": 0.005735659971833229, "lr_loss": 0.02523793652653694, "total_loss": 4.160323619842529, "_timestamp": 1718346922.4944136, "_runtime": 160.269300699234, "_step": 147, "_wandb": {"runtime": 160}}