{"image_loss": 3.5403287410736084, "disp_gradient_loss": 0.038446344435214996, "lr_loss": 0.051266349852085114, "total_loss": 3.595439910888672, "_timestamp": 1717768994.051494, "_runtime": 1593.2057328224182, "_step": 2824, "_wandb": {"runtime": 1592}}