{"image_loss": 2.417534351348877, "disp_gradient_loss": 0.03674021363258362, "lr_loss": 0.04656113311648369, "total_loss": 2.4677696228027344, "_timestamp": 1717754597.5045335, "_runtime": 901.1584935188293, "_step": 1110, "_wandb": {"runtime": 901}}