{"image_loss": 2.0713160037994385, "disp_gradient_loss": 0.0011010603047907352, "lr_loss": 0.012212811969220638, "total_loss": 2.083638906478882, "_timestamp": 1718347524.8594775, "_runtime": 94.04713559150696, "_step": 100, "_wandb": {"runtime": 95}}