{"image_loss": 1.7328343391418457, "disp_gradient_loss": 6.366376510413829e-06, "lr_loss": 1.560291275382042e-05, "total_loss": 1.7328505516052246, "_timestamp": 1718374253.6800888, "_runtime": 155.27008867263794, "_step": 315, "_wandb": {"runtime": 154}}