{"image_loss": 2.97385311126709, "disp_gradient_loss": 0.0016276597743853927, "lr_loss": 0.02268422208726406, "total_loss": 2.9967002868652344, "_timestamp": 1718110956.984506, "_runtime": 302.0363519191742, "_step": 298, "_wandb": {"runtime": 301}}